"Make","Model","category","segment","fueltype","isPremium"
"VOLVO","240","sedan","mid_size","diesel_petrol","0"
"VOLVO","740","sedan","mid_size","diesel_petrol","0"
"VOLVO","940","sedan","mid_size","diesel_petrol","0"
"VOLVO","850","sedan","mid_size","diesel_petrol","0"
"VOLVO","S40","small","compact","diesel_petrol","0"
"VOLVO","V40","small","compact","diesel_petrol","0"
"VOLVO","S60","sedan","mid_size","diesel_petrol","0"
"VOLVO","V60","sedan","mid_size","diesel_petrol","0"
"VOLVO","S80","sedan","full_size","diesel_petrol","0"
"VOLVO","V70","sedan","full_size","diesel_petrol","0"
"VOLVO","XC60","suv","mid_size","diesel_petrol","0"
"VOLVO","XC70","suv","mid_size","diesel_petrol","0"
"VOLVO","XC40","suv","compact","diesel_petrol","0"
"VOLVO","XC90","suv","full_size","diesel_petrol","0"
"VOLVO","S90","sedan","full_size","diesel_petrol","0"
"VOLVO","V90","sedan","full_size","diesel_petrol","0"
"VOLVO","C30","small","compact","diesel_petrol","0"
"VOLVO","C70","sedan","mid_size","diesel_petrol","0"
"VOLVO","EX30","el","compact","electric","0"
"VOLVO","EX90","el","full_size","electric","0"
"SAAB","900","sedan","mid_size","diesel_petrol","0"
"SAAB","9000","sedan","mid_size","diesel_petrol","0"
"SAAB","9-3","sedan","mid_size","diesel_petrol","0"
"SAAB","9-5","sedan","mid_size","diesel_petrol","0"
"SAAB","9-4X","suv","mid_size","diesel_petrol","0"
"ALFA ROMEO","145","sedan","mid_size","diesel_petrol","0"
"ALFA ROMEO","146","sedan","mid_size","diesel_petrol","0"
"ALFA ROMEO","147","sedan","mid_size","diesel_petrol","0"
"ALFA ROMEO","155","sedan","mid_size","diesel_petrol","0"
"ALFA ROMEO","156","sedan","mid_size","diesel_petrol","0"
"ALFA ROMEO","159","sedan","mid_size","diesel_petrol","0"
"ALFA ROMEO","164","sedan","mid_size","diesel_petrol","0"
"ALFA ROMEO","166","sedan","mid_size","diesel_petrol","0"
"ALFA ROMEO","GT","premium","luxury","petrol","1"
"ALFA ROMEO","GTV","premium","luxury","petrol","1"
"ALFA ROMEO","Spider","premium","luxury","petrol","1"
"ALFA ROMEO","Brera","premium","luxury","petrol","1"
"ALFA ROMEO","Giulietta","sedan","mid_size","diesel_petrol","0"
"ALFA ROMEO","MiTo","sedan","mid_size","diesel_petrol","0"
"ALFA ROMEO","Giulia","sedan","mid_size","diesel_petrol","0"
"ALFA ROMEO","Stelvio","suv","mid_size","diesel_petrol","0"
"ALFA ROMEO","Tonale","suv","mid_size","diesel_petrol","0"
"ALFA ROMEO","4C","premium","luxury","petrol","1"
"ASTON MARTIN","DB7","premium","luxury","petrol","1"
"ASTON MARTIN","DB9","premium","luxury","petrol","1"
"ASTON MARTIN","DB11","premium","luxury","petrol","1"
"ASTON MARTIN","Vantage","premium","luxury","petrol","1"
"ASTON MARTIN","Vanquish","premium","luxury","petrol","1"
"ASTON MARTIN","Virage","premium","luxury","petrol","1"
"ASTON MARTIN","Rapide","premium","luxury","petrol","1"
"ASTON MARTIN","DB12","premium","luxury","petrol","1"
"ASTON MARTIN","Valkyrie","premium","luxury","petrol","1"
"ASTON MARTIN","Cygnet","premium","luxury","petrol","1"
"AUDI","A1","small","compact","diesel_petrol","1"
"AUDI","A2","small","compact","diesel_petrol","1"
"AUDI","A3","small","compact","diesel_petrol","1"
"AUDI","A4","sedan","mid_size","diesel_petrol","1"
"AUDI","A5","sedan","mid_size","diesel_petrol","1"
"AUDI","A6","sedan","full_size","diesel_petrol","1"
"AUDI","A7","sedan","full_size","diesel_petrol","1"
"AUDI","A8","sedan","luxury","diesel_petrol","1"
"AUDI","Q2","suv","mid_size","diesel_petrol","1"
"AUDI","Q3","suv","mid_size","diesel_petrol","1"
"AUDI","Q5","suv","mid_size","diesel_petrol","1"
"AUDI","Q7","suv","full_size","diesel_petrol","1"
"AUDI","Q8","suv","full_size","diesel_petrol","1"
"AUDI","TT","premium","luxury","petrol","1"
"AUDI","R8","premium","luxury","petrol","1"
"AUDI","e-tron","el","mid_size","electric","1"
"AUDI","Q4 e-tron","el","compact","electric","1"
"AUDI","e-tron GT","el","luxury","electric","1"
"BENTLEY","Continental GT","premium","luxury","petrol","1"
"BENTLEY","Continental Flying Spur","premium","luxury","petrol","1"
"BENTLEY","Flying Spur","premium","luxury","petrol","1"
"BENTLEY","Bentayga","suv","luxury","petrol","1"
"BENTLEY","Mulsanne","premium","luxury","petrol","1"
"BENTLEY","Arnage","premium","luxury","petrol","1"
"BENTLEY","Brooklands","premium","luxury","petrol","1"
"BENTLEY","Azure","premium","luxury","petrol","1"
"BMW","1 Series","small","compact","diesel_petrol","1"
"BMW","2 Series","small","compact","diesel_petrol","1"
"BMW","3 Series","sedan","mid_size","diesel_petrol","1"
"BMW","4 Series","sedan","mid_size","diesel_petrol","1"
"BMW","5 Series","sedan","full_size","diesel_petrol","1"
"BMW","6 Series","sedan","full_size","diesel_petrol","1"
"BMW","7 Series","sedan","luxury","diesel_petrol","1"
"BMW","8 Series","sedan","luxury","diesel_petrol","1"
"BMW","X1","suv","mid_size","diesel_petrol","1"
"BMW","X2","suv","mid_size","diesel_petrol","1"
"BMW","X3","suv","mid_size","diesel_petrol","1"
"BMW","X4","suv","mid_size","diesel_petrol","1"
"BMW","X5","suv","full_size","diesel_petrol","1"
"BMW","X6","suv","full_size","diesel_petrol","1"
"BMW","X7","suv","full_size","diesel_petrol","1"
"BMW","Z3","premium","luxury","petrol","1"
"BMW","Z4","premium","luxury","petrol","1"
"BMW","Z8","premium","luxury","petrol","1"
"BMW","i3","el","compact","electric","1"
"BMW","i4","el","mid_size","electric","1"
"BMW","i5","el","mid_size","electric","1"
"BMW","i7","el","luxury","electric","1"
"BMW","iX","el","mid_size","electric","1"
"BMW","iX3","el","mid_size","electric","1"
"BUGATTI","EB110","premium","luxury","petrol","1"
"BUGATTI","Veyron","premium","luxury","petrol","1"
"BUGATTI","Chiron","premium","luxury","petrol","1"
"BUGATTI","Divo","premium","luxury","petrol","1"
"BUGATTI","Centodieci","premium","luxury","petrol","1"
"BUGATTI","Mistral","premium","luxury","petrol","1"
"CADILLAC","BLS","sedan","mid_size","diesel_petrol","1"
"CADILLAC","CTS","sedan","mid_size","diesel_petrol","1"
"CADILLAC","ATS","sedan","mid_size","diesel_petrol","1"
"CADILLAC","SRX","suv","mid_size","diesel_petrol","1"
"CADILLAC","XTS","sedan","luxury","diesel_petrol","1"
"CADILLAC","Escalade","suv","luxury","diesel_petrol","1"
"CHEVROLET","Spark","small","mini","petrol","0"
"CHEVROLET","Matiz","small","mini","petrol","0"
"CHEVROLET","Aveo","small","compact","diesel_petrol","0"
"CHEVROLET","Kalos","small","compact","diesel_petrol","0"
"CHEVROLET","Lacetti","small","compact","diesel_petrol","0"
"CHEVROLET","Nubira","sedan","mid_size","diesel_petrol","0"
"CHEVROLET","Cruze","small","compact","diesel_petrol","0"
"CHEVROLET","Epica","sedan","mid_size","diesel_petrol","0"
"CHEVROLET","Orlando","small","compact","diesel_petrol","0"
"CHEVROLET","Captiva","suv","mid_size","diesel_petrol","0"
"CHEVROLET","Trax","suv","mid_size","diesel_petrol","0"
"CHEVROLET","Camaro","premium","luxury","petrol","1"
"CHEVROLET","Corvette","premium","luxury","petrol","1"
"CHRYSLER","300C","sedan","mid_size","diesel_petrol","0"
"CHRYSLER","PT Cruiser","sedan","mid_size","diesel_petrol","0"
"CHRYSLER","Sebring","sedan","mid_size","diesel_petrol","0"
"CHRYSLER","Crossfire","sedan","mid_size","diesel_petrol","0"
"CHRYSLER","Voyager","transporter","full_size","diesel","0"
"CHRYSLER","Grand Voyager","transporter","full_size","diesel","0"
"CHRYSLER","Ypsilon (rebadge in EU)","sedan","mid_size","diesel_petrol","0"
"CITROEN","AX","small","mini","petrol","0"
"CITROEN","Saxo","small","mini","petrol","0"
"CITROEN","ZX","sedan","mid_size","diesel_petrol","0"
"CITROEN","Xantia","sedan","mid_size","diesel_petrol","0"
"CITROEN","XM","sedan","mid_size","diesel_petrol","0"
"CITROEN","Xsara","small","compact","diesel_petrol","0"
"CITROEN","C1","small","mini","petrol","0"
"CITROEN","C2","small","mini","petrol","0"
"CITROEN","C3","small","compact","diesel_petrol","0"
"CITROEN","C3 Aircross","suv","mid_size","diesel_petrol","0"
"CITROEN","C4","small","compact","diesel_petrol","0"
"CITROEN","C4 Cactus","suv","mid_size","diesel_petrol","0"
"CITROEN","C4 X","sedan","mid_size","diesel_petrol","0"
"CITROEN","C5","sedan","full_size","diesel_petrol","0"
"CITROEN","C5 X","sedan","full_size","diesel_petrol","0"
"CITROEN","C6","sedan","full_size","diesel_petrol","0"
"CITROEN","C8","sedan","full_size","diesel_petrol","0"
"CITROEN","Berlingo","transporter","full_size","diesel","0"
"CITROEN","C-Crosser","suv","mid_size","diesel_petrol","0"
"CITROEN","C-Elysee","sedan","mid_size","diesel_petrol","0"
"CUPRA","Ateca","suv","mid_size","diesel_petrol","0"
"CUPRA","Leon","small","compact","diesel_petrol","0"
"CUPRA","Formentor","suv","mid_size","diesel_petrol","0"
"CUPRA","Born","el","compact","electric","0"
"DACIA","Logan","small","compact","diesel_petrol","0"
"DACIA","Sandero","small","compact","diesel_petrol","0"
"DACIA","Duster","suv","mid_size","diesel_petrol","0"
"DACIA","Lodgy","sedan","mid_size","diesel_petrol","0"
"DACIA","Dokker","sedan","mid_size","diesel_petrol","0"
"DACIA","Jogger","small","compact","diesel_petrol","0"
"DACIA","Spring","el","mini","electric","0"
"DAIHATSU","Charade","small","mini","petrol","0"
"DAIHATSU","Sirion","small","mini","petrol","0"
"DAIHATSU","Cuore","small","mini","petrol","0"
"DAIHATSU","YRV","sedan","mid_size","diesel_petrol","0"
"DAIHATSU","Materia","sedan","mid_size","diesel_petrol","0"
"DAIHATSU","Trevis","small","mini","petrol","0"
"DAIHATSU","Terios","sedan","mid_size","diesel_petrol","0"
"DS AUTOMOBILES","DS3","small","compact","diesel_petrol","0"
"DS AUTOMOBILES","DS4","small","compact","diesel_petrol","0"
"DS AUTOMOBILES","DS5","sedan","mid_size","diesel_petrol","0"
"DS AUTOMOBILES","DS7 Crossback","suv","mid_size","diesel_petrol","0"
"DS AUTOMOBILES","DS9","sedan","mid_size","diesel_petrol","0"
"FERRARI","348","premium","luxury","petrol","1"
"FERRARI","355","premium","luxury","petrol","1"
"FERRARI","360","premium","luxury","petrol","1"
"FERRARI","F430","premium","luxury","petrol","1"
"FERRARI","458 Italia","premium","luxury","petrol","1"
"FERRARI","488","premium","luxury","petrol","1"
"FERRARI","F8 Tributo","premium","luxury","petrol","1"
"FERRARI","296 GTB","premium","luxury","petrol","1"
"FERRARI","SF90 Stradale","premium","luxury","petrol","1"
"FERRARI","Roma","premium","luxury","petrol","1"
"FERRARI","Portofino","premium","luxury","petrol","1"
"FERRARI","812 Superfast","premium","luxury","petrol","1"
"FERRARI","812 GTS","premium","luxury","petrol","1"
"FERRARI","LaFerrari","premium","luxury","petrol","1"
"MCLAREN","570S","premium","luxury","petrol","1"
"MCLAREN","600LT","premium","luxury","petrol","1"
"MCLAREN","650S","premium","luxury","petrol","1"
"MCLAREN","675LT","premium","luxury","petrol","1"
"MCLAREN","720S","premium","luxury","petrol","1"
"MCLAREN","765LT","premium","luxury","petrol","1"
"MCLAREN","Artura","premium","luxury","petrol","1"
"MCLAREN","Elva","premium","luxury","petrol","1"
"MCLAREN","GT","premium","luxury","petrol","1"
"MCLAREN","P1","premium","luxury","petrol","1"
"MCLAREN","Senna","premium","luxury","petrol","1"
"MCLAREN","Speedtail","premium","luxury","petrol","1"
"MERCEDES-BENZ","A-Class","small","compact","diesel_petrol","1"
"MERCEDES-BENZ","AMG GT","premium","luxury","petrol","1"
"MERCEDES-BENZ","B-Class","small","compact","diesel_petrol","1"
"MERCEDES-BENZ","C-Class","sedan","mid_size","diesel_petrol","1"
"MERCEDES-BENZ","CLA","small","compact","diesel_petrol","1"
"MERCEDES-BENZ","CLS","sedan","mid_size","diesel_petrol","1"
"MERCEDES-BENZ","E-Class","sedan","full_size","diesel_petrol","1"
"MERCEDES-BENZ","EQA","el","compact","electric","1"
"MERCEDES-BENZ","EQB","el","compact","electric","1"
"MERCEDES-BENZ","EQC","el","mid_size","electric","1"
"MERCEDES-BENZ","EQE","el","mid_size","electric","1"
"MERCEDES-BENZ","EQE SUV","el","full_size","electric","1"
"MERCEDES-BENZ","EQS","el","luxury","electric","1"
"MERCEDES-BENZ","EQS SUV","el","luxury","electric","1"
"MERCEDES-BENZ","G-Class","suv","luxury","diesel_petrol","1"
"MERCEDES-BENZ","GLA","suv","compact","diesel_petrol","1"
"MERCEDES-BENZ","GLB","suv","compact","diesel_petrol","1"
"MERCEDES-BENZ","GLC","suv","mid_size","diesel_petrol","1"
"MERCEDES-BENZ","GLE","suv","full_size","diesel_petrol","1"
"MERCEDES-BENZ","GLS","suv","full_size","diesel_petrol","1"
"MERCEDES-BENZ","R-Class","sedan","full_size","diesel_petrol","1"
"MERCEDES-BENZ","S-Class","sedan","luxury","diesel_petrol","1"
"MERCEDES-BENZ","SL","premium","luxury","petrol","1"
"MERCEDES-BENZ","SLC","premium","luxury","petrol","1"
"MERCEDES-BENZ","SLK","premium","luxury","petrol","1"
"MERCEDES-BENZ","SLS AMG","premium","luxury","petrol","1"
"MERCEDES-BENZ","Vaneo","transporter","full_size","diesel","1"
"MG","F","sedan","mid_size","diesel_petrol","0"
"MG","HS","suv","mid_size","diesel_petrol","0"
"MG","Marvel R","el","mid_size","electric","0"
"MG","MG3","small","compact","diesel_petrol","0"
"MG","MG4","el","compact","electric","0"
"MG","MG5","el","compact","electric","0"
"MG","RV8","sedan","mid_size","diesel_petrol","0"
"MG","TF","sedan","mid_size","diesel_petrol","0"
"MG","ZR","small","compact","diesel_petrol","0"
"MG","ZS","suv","compact","diesel_petrol","0"
"MG","ZT","sedan","mid_size","diesel_petrol","0"
"MINI","Clubman","sedan","mid_size","diesel_petrol","0"
"MINI","Convertible","sedan","mid_size","diesel_petrol","0"
"MINI","Countryman","sedan","mid_size","diesel_petrol","0"
"MINI","Coupe","sedan","mid_size","diesel_petrol","0"
"MINI","Hatch","small","mini","petrol","0"
"MINI","Paceman","sedan","mid_size","diesel_petrol","0"
"MINI","Roadster","sedan","mid_size","diesel_petrol","0"
"MITSUBISHI","ASX","suv","compact","diesel_petrol","0"
"MITSUBISHI","Carisma","small","compact","diesel_petrol","0"
"MITSUBISHI","Colt","small","compact","diesel_petrol","0"
"MITSUBISHI","Eclipse Cross","suv","mid_size","diesel_petrol","0"
"MITSUBISHI","Galant","sedan","mid_size","diesel_petrol","0"
"MITSUBISHI","i-MiEV","el","compact","electric","0"
"MITSUBISHI","Lancer","sedan","mid_size","diesel_petrol","0"
"MITSUBISHI","Outlander","suv","mid_size","diesel_petrol","0"
"MITSUBISHI","Pajero","suv","full_size","diesel_petrol","0"
"MITSUBISHI","Space Star","small","compact","diesel_petrol","0"
"NIO","EC6","el","mid_size","electric","0"
"NIO","EL7","el","mid_size","electric","0"
"NIO","ES6","el","mid_size","electric","0"
"NIO","ES8","el","full_size","electric","0"
"NIO","ET5","el","mid_size","electric","0"
"NIO","ET7","el","luxury","electric","0"
"NISSAN","350Z","sedan","mid_size","diesel_petrol","0"
"NISSAN","370Z","sedan","mid_size","diesel_petrol","0"
"NISSAN","Almera","small","compact","diesel_petrol","0"
"NISSAN","GT-R","sedan","mid_size","diesel_petrol","0"
"NISSAN","Juke","suv","compact","diesel_petrol","0"
"NISSAN","Leaf","el","compact","electric","0"
"NISSAN","Micra","small","mini","petrol","0"
"NISSAN","Murano","suv","mid_size","diesel_petrol","0"
"NISSAN","Note","small","compact","diesel_petrol","0"
"NISSAN","Pathfinder","suv","full_size","diesel_petrol","0"
"NISSAN","Primera","sedan","mid_size","diesel_petrol","0"
"NISSAN","Pulsar","small","compact","diesel_petrol","0"
"NISSAN","Qashqai","suv","mid_size","diesel_petrol","0"
"NISSAN","Terrano II","sedan","mid_size","diesel_petrol","0"
"NISSAN","X-Trail","suv","mid_size","diesel_petrol","0"
"OPEL","Adam","small","mini","petrol","0"
"OPEL","Ampera","sedan","mid_size","diesel_petrol","0"
"OPEL","Antara","suv","mid_size","diesel_petrol","0"
"OPEL","Astra","small","compact","diesel_petrol","0"
"OPEL","Calibra","sedan","mid_size","diesel_petrol","0"
"OPEL","Combo Life","transporter","full_size","diesel","0"
"OPEL","Corsa","small","compact","diesel_petrol","0"
"OPEL","Crossland","suv","mid_size","diesel_petrol","0"
"OPEL","Frontera","suv","mid_size","diesel_petrol","0"
"OPEL","Grandland","suv","mid_size","diesel_petrol","0"
"OPEL","Insignia","sedan","mid_size","diesel_petrol","0"
"OPEL","Karl","small","mini","petrol","0"
"OPEL","Meriva","small","compact","diesel_petrol","0"
"OPEL","Mokka","suv","compact","diesel_petrol","0"
"OPEL","Omega","sedan","mid_size","diesel_petrol","0"
"OPEL","Signum","sedan","mid_size","diesel_petrol","0"
"OPEL","Tigra","small","compact","diesel_petrol","0"
"OPEL","Vectra","sedan","mid_size","diesel_petrol","0"
"OPEL","Zafira","small","compact","diesel_petrol","0"
"ORA","Funky Cat (03)","el","compact","electric","0"
"PEUGEOT","106","small","mini","petrol","0"
"PEUGEOT","107","small","mini","petrol","0"
"PEUGEOT","108","small","mini","petrol","0"
"PEUGEOT","2008","suv","compact","diesel_petrol","0"
"PEUGEOT","205 (early 90s)","sedan","mid_size","diesel_petrol","0"
"PEUGEOT","206","small","compact","diesel_petrol","0"
"PEUGEOT","207","small","compact","diesel_petrol","0"
"PEUGEOT","208","small","compact","diesel_petrol","0"
"PEUGEOT","3008","suv","mid_size","diesel_petrol","0"
"PEUGEOT","306","sedan","mid_size","diesel_petrol","0"
"PEUGEOT","307","small","compact","diesel_petrol","0"
"PEUGEOT","308","small","compact","diesel_petrol","0"
"PEUGEOT","4007","suv","mid_size","diesel_petrol","0"
"PEUGEOT","4008","suv","mid_size","diesel_petrol","0"
"PEUGEOT","405","sedan","mid_size","diesel_petrol","0"
"PEUGEOT","406","sedan","mid_size","diesel_petrol","0"
"PEUGEOT","407","sedan","mid_size","diesel_petrol","0"
"PEUGEOT","5008","suv","full_size","diesel_petrol","0"
"PEUGEOT","508","sedan","full_size","diesel_petrol","0"
"PEUGEOT","605","sedan","mid_size","diesel_petrol","0"
"PEUGEOT","607","sedan","full_size","diesel_petrol","0"
"PEUGEOT","Partner Tepee","transporter","full_size","diesel","0"
"PEUGEOT","RCZ","sedan","mid_size","diesel_petrol","0"
"POLESTAR","1","sedan","mid_size","diesel_petrol","1"
"POLESTAR","2","el","compact","electric","1"
"PORSCHE","911","premium","luxury","petrol","1"
"PORSCHE","Boxster","premium","luxury","petrol","1"
"PORSCHE","Cayenne","suv","full_size","diesel_petrol","1"
"PORSCHE","Cayman","premium","luxury","petrol","1"
"PORSCHE","Macan","suv","mid_size","diesel_petrol","1"
"PORSCHE","Panamera","sedan","full_size","petrol","1"
"PORSCHE","Taycan","sedan","luxury","diesel_petrol","1"
"RENAULT","Arkana","suv","mid_size","hybrid","0"
"RENAULT","Austral","suv","mid_size","diesel_petrol","0"
"RENAULT","Captur","suv","compact","diesel_petrol","0"
"RENAULT","Clio","small","compact","diesel_petrol","0"
"RENAULT","Espace","sedan","full_size","diesel_petrol","0"
"RENAULT","Fluence","sedan","mid_size","diesel_petrol","0"
"RENAULT","Kadjar","suv","compact","diesel_petrol","0"
"RENAULT","Koleos","suv","full_size","diesel_petrol","0"
"RENAULT","Laguna","sedan","mid_size","diesel_petrol","0"
"RENAULT","Megane","small","compact","diesel_petrol","0"
"RENAULT","Modus","small","compact","diesel_petrol","0"
"RENAULT","Safrane","sedan","mid_size","diesel_petrol","0"
"RENAULT","Scenic","small","compact","diesel_petrol","0"
"RENAULT","Talisman","sedan","full_size","diesel_petrol","0"
"RENAULT","Twingo","small","mini","petrol","0"
"RENAULT","Twizy","el","mid_size","electric","1"
"RENAULT","Vel Satis","sedan","full_size","diesel_petrol","0"
"RENAULT","Zoe","el","compact","electric","0"
"ROLLS-ROYCE","Cullinan","suv","luxury","diesel_petrol","1"
"ROLLS-ROYCE","Dawn","premium","luxury","petrol","1"
"ROLLS-ROYCE","Ghost","premium","luxury","petrol","1"
"ROLLS-ROYCE","Phantom","premium","luxury","petrol","1"
"ROLLS-ROYCE","Silver Seraph","premium","luxury","petrol","1"
"ROLLS-ROYCE","Wraith","premium","luxury","petrol","1"
"ROVER","100","sedan","mid_size","diesel_petrol","0"
"ROVER","200","sedan","mid_size","diesel_petrol","0"
"ROVER","25","small","compact","diesel_petrol","0"
"ROVER","400","sedan","mid_size","diesel_petrol","0"
"ROVER","45","small","compact","diesel_petrol","0"
"ROVER","600","sedan","mid_size","diesel_petrol","0"
"ROVER","75","sedan","mid_size","diesel_petrol","0"
"ROVER","CityRover","sedan","mid_size","diesel_petrol","0"
"ROVER","Streetwise","sedan","mid_size","diesel_petrol","0"
"SEAT","Alhambra","sedan","full_size","diesel_petrol","0"
"SEAT","Altea","small","compact","diesel_petrol","0"
"SEAT","Arona","suv","compact","diesel_petrol","0"
"SEAT","Ateca","suv","compact","diesel_petrol","0"
"SEAT","Cordoba","sedan","mid_size","diesel_petrol","0"
"SEAT","Exeo","sedan","mid_size","diesel_petrol","0"
"SEAT","Ibiza","small","compact","diesel_petrol","0"
"SEAT","Leon","small","compact","diesel_petrol","0"
"SEAT","Mii","small","mini","petrol","0"
"SEAT","Tarraco","suv","full_size","diesel_petrol","0"
"SEAT","Toledo","small","compact","diesel_petrol","0"
"SKODA","Enyaq","el","mid_size","electric","0"
"SKODA","Fabia","small","compact","diesel_petrol","0"
"SKODA","Favorit (early 90s)","sedan","mid_size","diesel_petrol","0"
"SKODA","Felicia","sedan","mid_size","diesel_petrol","0"
"SKODA","Kamiq","suv","compact","diesel_petrol","0"
"SKODA","Karoq","suv","mid_size","diesel_petrol","0"
"SKODA","Kodiaq","suv","full_size","diesel_petrol","0"
"SKODA","Octavia","sedan","mid_size","diesel_petrol","0"
"SKODA","Rapid","small","compact","diesel_petrol","0"
"SKODA","Roomster","small","compact","diesel_petrol","0"
"SKODA","Superb","sedan","full_size","diesel_petrol","0"
"SKODA","Yeti","suv","mid_size","diesel_petrol","0"
"AIWAYS","U5","el","mid_size","electric","0"
"AIWAYS","U6","el","mid_size","electric","0"
"BYD","Atto 3","el","mid_size","electric","0"
"BYD","Dolphin","el","compact","electric","0"
"BYD","Han","el","full_size","electric","0"
"BYD","Seal","el","mid_size","electric","0"
"BYD","Tang","el","full_size","electric","0"
"FIAT","500","small","mini","petrol","0"
"FIAT","500L","small","compact","diesel_petrol","0"
"FIAT","500X","small","compact","diesel_petrol","0"
"FIAT","Barchetta","sedan","mid_size","diesel_petrol","0"
"FIAT","Brava","small","compact","diesel_petrol","0"
"FIAT","Bravo","small","compact","diesel_petrol","0"
"FIAT","Coupe","sedan","mid_size","diesel_petrol","0"
"FIAT","Croma","sedan","mid_size","diesel_petrol","0"
"FIAT","Freemont","sedan","mid_size","diesel_petrol","0"
"FIAT","Grande Punto","small","compact","diesel_petrol","0"
"FIAT","Idea","small","compact","diesel_petrol","0"
"FIAT","Multipla","small","compact","diesel_petrol","0"
"FIAT","Panda","small","mini","petrol","0"
"FIAT","Punto","small","compact","diesel_petrol","0"
"FIAT","Sedici","sedan","mid_size","diesel_petrol","0"
"FIAT","Seicento","small","mini","petrol","0"
"FIAT","Stilo","small","compact","diesel_petrol","0"
"FIAT","Tempra","sedan","mid_size","diesel_petrol","0"
"FIAT","Tipo","small","compact","diesel_petrol","0"
"FIAT","Ulysse","sedan","mid_size","diesel_petrol","0"
"FIAT","Uno","small","mini","petrol","0"
"FORD","B-MAX","small","compact","diesel_petrol","0"
"FORD","C-MAX","small","compact","diesel_petrol","0"
"FORD","Cougar","sedan","mid_size","diesel_petrol","0"
"FORD","EcoSport","suv","mid_size","diesel_petrol","0"
"FORD","Edge","suv","full_size","diesel_petrol","0"
"FORD","Escort","sedan","mid_size","diesel_petrol","0"
"FORD","Fiesta","small","compact","diesel_petrol","0"
"FORD","Focus","small","compact","diesel_petrol","0"
"FORD","Fusion","small","compact","diesel_petrol","0"
"FORD","Galaxy","sedan","full_size","diesel_petrol","0"
"FORD","Ka","small","mini","petrol","0"
"FORD","Kuga","suv","mid_size","diesel_petrol","0"
"FORD","Mondeo","sedan","full_size","diesel_petrol","0"
"FORD","Mustang","premium","luxury","petrol","1"
"FORD","Probe","sedan","mid_size","diesel_petrol","0"
"FORD","Puma","suv","compact","diesel_petrol","0"
"FORD","S-MAX","sedan","full_size","diesel_petrol","0"
"FORD","Sierra","sedan","mid_size","diesel_petrol","0"
"GENESIS","Electrified G80","el","luxury","electric","1"
"GENESIS","G70","sedan","mid_size","diesel_petrol","1"
"GENESIS","G80","sedan","luxury","diesel_petrol","1"
"GENESIS","GV60","el","mid_size","electric","1"
"GENESIS","GV70","suv","mid_size","diesel_petrol","1"
"GENESIS","GV80","suv","luxury","diesel_petrol","1"
"HONDA","Accord","sedan","full_size","diesel_petrol","0"
"HONDA","Civic","small","compact","diesel_petrol","0"
"HONDA","CR-V","suv","mid_size","diesel_petrol","0"
"HONDA","e","el","mini","electric","0"
"HONDA","FR-V","small","compact","diesel_petrol","0"
"HONDA","HR-V","suv","mid_size","diesel_petrol","0"
"HONDA","Insight","sedan","mid_size","hybrid","0"
"HONDA","Jazz","small","compact","diesel_petrol","0"
"HONDA","Legend","sedan","full_size","diesel_petrol","0"
"HONDA","NSX","premium","luxury","petrol","1"
"HONDA","Prelude","premium","luxury","petrol","1"
"HONDA","S2000","premium","luxury","petrol","1"
"HYUNDAI","Accent","small","compact","diesel_petrol","0"
"HYUNDAI","Bayon","suv","compact","diesel_petrol","0"
"HYUNDAI","Coupe","small","compact","diesel_petrol","0"
"HYUNDAI","Elantra","small","compact","diesel_petrol","0"
"HYUNDAI","Getz","small","compact","diesel_petrol","0"
"HYUNDAI","I10","small","mini","petrol","0"
"HYUNDAI","I20","small","compact","diesel_petrol","0"
"HYUNDAI","I30","small","compact","diesel_petrol","0"
"HYUNDAI","I40","sedan","full_size","diesel_petrol","0"
"HYUNDAI","Ioniq","sedan","mid_size","hybrid","0"
"HYUNDAI","Ioniq 5","el","mid_size","electric","0"
"HYUNDAI","Ioniq 6","el","mid_size","electric","0"
"HYUNDAI","Kona","suv","mid_size","diesel_petrol","0"
"HYUNDAI","Nexo","el","mid_size","electric","0"
"HYUNDAI","Santa Fe","suv","full_size","diesel_petrol","0"
"HYUNDAI","Sonata","sedan","full_size","diesel_petrol","0"
"HYUNDAI","Terracan","suv","mid_size","diesel_petrol","0"
"HYUNDAI","Tucson","suv","full_size","diesel_petrol","0"
"HYUNDAI","Veloster","sedan","mid_size","diesel_petrol","0"
"INFINITI","EX","suv","mid_size","diesel_petrol","1"
"INFINITI","FX","suv","mid_size","diesel_petrol","1"
"INFINITI","G","sedan","mid_size","diesel_petrol","1"
"INFINITI","M","sedan","mid_size","diesel_petrol","1"
"INFINITI","Q30","sedan","mid_size","diesel_petrol","1"
"INFINITI","Q50","sedan","mid_size","diesel_petrol","1"
"INFINITI","Q70","sedan","mid_size","diesel_petrol","1"
"INFINITI","QX30","suv","mid_size","diesel_petrol","1"
"INFINITI","QX50","suv","mid_size","diesel_petrol","1"
"INFINITI","QX70","suv","mid_size","diesel_petrol","1"
"JAGUAR","E-Pace","suv","mid_size","diesel_petrol","1"
"JAGUAR","F-Pace","suv","mid_size","diesel_petrol","1"
"JAGUAR","F-Type","premium","luxury","petrol","1"
"JAGUAR","I-Pace","el","mid_size","electric","1"
"JAGUAR","S-Type","sedan","mid_size","diesel_petrol","1"
"JAGUAR","X-Type","sedan","mid_size","diesel_petrol","1"
"JAGUAR","XE","sedan","mid_size","diesel_petrol","1"
"JAGUAR","XF","sedan","full_size","diesel_petrol","1"
"JAGUAR","XJ","sedan","luxury","diesel_petrol","1"
"JAGUAR","XK","premium","luxury","petrol","1"
"JEEP","Cherokee","suv","mid_size","diesel_petrol","0"
"JEEP","Commander","suv","mid_size","diesel_petrol","0"
"JEEP","Compass","suv","mid_size","diesel_petrol","0"
"JEEP","Grand Cherokee","suv","mid_size","diesel_petrol","0"
"JEEP","Renegade","suv","mid_size","diesel_petrol","0"
"JEEP","Wrangler","suv","mid_size","diesel_petrol","0"
"KIA","Carens","small","compact","diesel_petrol","0"
"KIA","Ceed","small","compact","diesel_petrol","0"
"KIA","EV6","el","mid_size","electric","0"
"KIA","EV9","el","full_size","electric","0"
"KIA","Niro","suv","mid_size","hybrid","0"
"KIA","Optima","sedan","full_size","diesel_petrol","0"
"KIA","Picanto","small","mini","petrol","0"
"KIA","ProCeed","small","compact","diesel_petrol","0"
"KIA","Rio","small","compact","diesel_petrol","0"
"KIA","Sorento","suv","full_size","diesel_petrol","0"
"KIA","Soul","suv","mid_size","diesel_petrol","0"
"KIA","Sportage","suv","mid_size","diesel_petrol","0"
"KIA","Stinger","sedan","full_size","diesel_petrol","0"
"KIA","Stonic","suv","compact","diesel_petrol","0"
"KIA","XCeed","suv","compact","diesel_petrol","0"
"LADA","110","sedan","mid_size","diesel_petrol","0"
"LADA","111","sedan","mid_size","diesel_petrol","0"
"LADA","112","sedan","mid_size","diesel_petrol","0"
"LADA","Granta","sedan","mid_size","diesel_petrol","0"
"LADA","Kalina","sedan","mid_size","diesel_petrol","0"
"LADA","Niva","sedan","mid_size","diesel_petrol","0"
"LADA","Priora","sedan","mid_size","diesel_petrol","0"
"LADA","Samara","sedan","mid_size","diesel_petrol","0"
"LADA","Vesta","sedan","mid_size","diesel_petrol","0"
"LADA","XRAY","sedan","mid_size","diesel_petrol","0"
"LAMBORGHINI","Aventador","premium","luxury","petrol","1"
"LAMBORGHINI","Diablo","premium","luxury","petrol","1"
"LAMBORGHINI","Gallardo","premium","luxury","petrol","1"
"LAMBORGHINI","Huracan","premium","luxury","petrol","1"
"LAMBORGHINI","Murcielago","premium","luxury","petrol","1"
"LAMBORGHINI","Sian","premium","luxury","petrol","1"
"LAMBORGHINI","Urus","suv","luxury","petrol","1"
"LANCIA","Dedra","sedan","mid_size","diesel_petrol","0"
"LANCIA","Delta","sedan","mid_size","diesel_petrol","0"
"LANCIA","Flavia","sedan","mid_size","diesel_petrol","0"
"LANCIA","Kappa","sedan","mid_size","diesel_petrol","0"
"LANCIA","Lybra","sedan","mid_size","diesel_petrol","0"
"LANCIA","Musa","sedan","mid_size","diesel_petrol","0"
"LANCIA","Phedra","sedan","mid_size","diesel_petrol","0"
"LANCIA","Thema","sedan","mid_size","diesel_petrol","0"
"LANCIA","Thesis","sedan","mid_size","diesel_petrol","0"
"LANCIA","Y","sedan","mid_size","diesel_petrol","0"
"LANCIA","Ypsilon","sedan","mid_size","diesel_petrol","0"
"LANCIA","Zeta","sedan","mid_size","diesel_petrol","0"
"LAND ROVER","Defender","suv","full_size","diesel_petrol","1"
"LAND ROVER","Discovery","suv","full_size","diesel_petrol","1"
"LAND ROVER","Discovery Sport","suv","mid_size","diesel_petrol","1"
"LAND ROVER","Freelander","suv","mid_size","diesel_petrol","1"
"LAND ROVER","Range Rover","suv","luxury","diesel_petrol","1"
"LAND ROVER","Range Rover Evoque","suv","mid_size","diesel_petrol","1"
"LAND ROVER","Range Rover Sport","suv","full_size","diesel_petrol","1"
"LAND ROVER","Range Rover Velar","suv","mid_size","diesel_petrol","1"
"LEXUS","CT","small","compact","hybrid","1"
"LEXUS","ES","sedan","full_size","hybrid","1"
"LEXUS","GS","sedan","mid_size","hybrid","1"
"LEXUS","IS","sedan","mid_size","hybrid","1"
"LEXUS","LC","sedan","luxury","diesel_petrol","1"
"LEXUS","LS","sedan","luxury","hybrid","1"
"LEXUS","NX","suv","mid_size","hybrid","1"
"LEXUS","RC","sedan","mid_size","diesel_petrol","1"
"LEXUS","RX","suv","full_size","hybrid","1"
"LEXUS","UX","suv","compact","hybrid","1"
"LOTUS","Eletre","el","luxury","electric","1"
"LOTUS","Elise","premium","luxury","petrol","1"
"LOTUS","Emira","premium","luxury","petrol","1"
"LOTUS","Evora","premium","luxury","petrol","1"
"LOTUS","Exige","premium","luxury","petrol","1"
"LYNK & CO","01","small","compact","hybrid","0"
"MASERATI","3200 GT","premium","luxury","petrol","1"
"MASERATI","Coupe","premium","luxury","petrol","1"
"MASERATI","Ghibli","premium","luxury","petrol","1"
"MASERATI","GranCabrio","premium","luxury","petrol","1"
"MASERATI","GranTurismo","premium","luxury","petrol","1"
"MASERATI","Grecale","suv","mid_size","diesel_petrol","1"
"MASERATI","Levante","suv","luxury","diesel_petrol","1"
"MASERATI","MC20","premium","luxury","petrol","1"
"MASERATI","Quattroporte","premium","luxury","petrol","1"
"MASERATI","Spyder","premium","luxury","petrol","1"
"MAZDA","2","small","compact","diesel_petrol","0"
"MAZDA","3","small","compact","diesel_petrol","0"
"MAZDA","5","small","compact","diesel_petrol","0"
"MAZDA","6","sedan","mid_size","diesel_petrol","0"
"MAZDA","CX-3","suv","mid_size","diesel_petrol","0"
"MAZDA","CX-30","suv","mid_size","diesel_petrol","0"
"MAZDA","CX-5","suv","mid_size","diesel_petrol","0"
"MAZDA","CX-60","suv","mid_size","diesel_petrol","0"
"MAZDA","CX-7","suv","mid_size","diesel_petrol","0"
"MAZDA","MX-30","small","compact","diesel_petrol","0"
"MAZDA","MX-5","sedan","mid_size","diesel_petrol","0"
"MAZDA","RX-7","sedan","mid_size","diesel_petrol","0"
"MAZDA","RX-8","sedan","mid_size","diesel_petrol","0"
"MCLAREN","12C","premium","luxury","petrol","1"
"MCLAREN","540C","premium","luxury","petrol","1"
"SMART","City-Coupe (Fortwo)","small","mini","petrol","0"
"SMART","Forfour","sedan","mid_size","diesel_petrol","0"
"SMART","Fortwo","small","mini","petrol","0"
"SMART","Roadster","sedan","mid_size","diesel_petrol","0"
"SSANGYONG","Actyon","suv","mid_size","diesel_petrol","0"
"SSANGYONG","Korando","suv","mid_size","diesel_petrol","0"
"SSANGYONG","Kyron","suv","mid_size","diesel_petrol","0"
"SSANGYONG","Musso","suv","mid_size","diesel_petrol","0"
"SSANGYONG","Rexton","suv","mid_size","diesel_petrol","0"
"SSANGYONG","Rodius","sedan","mid_size","diesel_petrol","0"
"SSANGYONG","Tivoli","suv","mid_size","diesel_petrol","0"
"SSANGYONG","Torres","suv","mid_size","diesel_petrol","0"
"SUBARU","BRZ","small","compact","diesel_petrol","0"
"SUBARU","Crosstrek","suv","mid_size","diesel_petrol","0"
"SUBARU","Forester","suv","mid_size","diesel_petrol","0"
"SUBARU","Impreza","small","compact","diesel_petrol","0"
"SUBARU","Justy","small","compact","diesel_petrol","0"
"SUBARU","Legacy","sedan","mid_size","diesel_petrol","0"
"SUBARU","Levorg","small","compact","diesel_petrol","0"
"SUBARU","Outback","suv","mid_size","diesel_petrol","0"
"SUBARU","SVX","sedan","mid_size","diesel_petrol","0"
"SUBARU","Tribeca","suv","full_size","diesel_petrol","0"
"SUBARU","XV","suv","compact","diesel_petrol","0"
"SUZUKI","Alto","small","mini","petrol","0"
"SUZUKI","Baleno","small","compact","diesel_petrol","0"
"SUZUKI","Celerio","small","mini","petrol","0"
"SUZUKI","Grand Vitara","suv","mid_size","diesel_petrol","0"
"SUZUKI","Ignis","suv","compact","diesel_petrol","0"
"SUZUKI","Jimny","suv","mid_size","diesel_petrol","0"
"SUZUKI","Kizashi","sedan","mid_size","diesel_petrol","0"
"SUZUKI","Liana","small","compact","diesel_petrol","0"
"SUZUKI","Splash","small","compact","diesel_petrol","0"
"SUZUKI","Swift","small","compact","diesel_petrol","0"
"SUZUKI","SX4","small","compact","diesel_petrol","0"
"SUZUKI","SX4 S-Cross","suv","compact","diesel_petrol","0"
"SUZUKI","Vitara","suv","mid_size","diesel_petrol","0"
"TESLA","Model 3","el","compact","electric","0"
"TESLA","Model S","el","luxury","electric","0"
"TESLA","Model X","el","full_size","electric","0"
"TESLA","Model Y","el","mid_size","electric","0"
"TESLA","Roadster (2008)","el","mid_size","electric","0"
"TOYOTA","Auris","small","compact","diesel_petrol","0"
"TOYOTA","Avensis","sedan","mid_size","diesel_petrol","0"
"TOYOTA","Aygo","small","mini","petrol","0"
"TOYOTA","C-HR","suv","mid_size","hybrid","0"
"TOYOTA","Camry","sedan","full_size","hybrid","0"
"TOYOTA","Celica","premium","luxury","petrol","1"
"TOYOTA","Corolla","small","compact","diesel_petrol","0"
"TOYOTA","GR86","premium","luxury","petrol","1"
"TOYOTA","GT86","premium","luxury","petrol","1"
"TOYOTA","Highlander","suv","full_size","hybrid","0"
"TOYOTA","iQ","small","mini","petrol","0"
"TOYOTA","Land Cruiser","suv","full_size","diesel_petrol","0"
"TOYOTA","MR2","premium","luxury","petrol","1"
"TOYOTA","Prius","sedan","mid_size","hybrid","0"
"TOYOTA","ProAce (MPV)","transporter","full_size","diesel","0"
"TOYOTA","RAV4","suv","mid_size","diesel_petrol","0"
"TOYOTA","Supra","premium","luxury","petrol","1"
"TOYOTA","Urban Cruiser","suv","mid_size","diesel_petrol","0"
"TOYOTA","Verso","sedan","full_size","diesel_petrol","0"
"TOYOTA","Verso-S","small","compact","diesel_petrol","0"
"TOYOTA","Yaris","small","compact","diesel_petrol","0"
"VAUXHALL","Adam","sedan","mid_size","diesel_petrol","0"
"VAUXHALL","Ampera","sedan","mid_size","diesel_petrol","0"
"VAUXHALL","Astra","sedan","mid_size","diesel_petrol","0"
"VAUXHALL","Calibra","sedan","mid_size","diesel_petrol","0"
"VAUXHALL","Corsa","sedan","mid_size","diesel_petrol","0"
"VAUXHALL","Crossland","sedan","mid_size","diesel_petrol","0"
"VAUXHALL","Grandland","sedan","mid_size","diesel_petrol","0"
"VAUXHALL","Insignia","sedan","mid_size","diesel_petrol","0"
"VAUXHALL","Meriva","sedan","mid_size","diesel_petrol","0"
"VAUXHALL","Mokka","sedan","mid_size","diesel_petrol","0"
"VAUXHALL","Omega","sedan","mid_size","diesel_petrol","0"
"VAUXHALL","Signum","sedan","mid_size","diesel_petrol","0"
"VAUXHALL","Tigra","sedan","mid_size","diesel_petrol","0"
"VAUXHALL","Vectra","sedan","mid_size","diesel_petrol","0"
"VAUXHALL","Viva","sedan","mid_size","diesel_petrol","0"
"VAUXHALL","Zafira","sedan","mid_size","diesel_petrol","0"
"VOLKSWAGEN","Arteon","sedan","full_size","diesel_petrol","0"
"VOLKSWAGEN","Beetle","small","compact","diesel_petrol","0"
"VOLKSWAGEN","Bora","small","compact","diesel_petrol","0"
"VOLKSWAGEN","Caddy","transporter","full_size","diesel","0"
"VOLKSWAGEN","Corrado","sedan","mid_size","diesel_petrol","0"
"VOLKSWAGEN","Eos","small","compact","diesel_petrol","0"
"VOLKSWAGEN","Fox","small","mini","petrol","0"
"VOLKSWAGEN","Golf","small","compact","diesel_petrol","0"
"VOLKSWAGEN","ID.3","el","compact","electric","0"
"VOLKSWAGEN","ID.4","el","mid_size","electric","0"
"VOLKSWAGEN","ID.5","el","mid_size","electric","0"
"VOLKSWAGEN","ID.7","el","full_size","electric","0"
"VOLKSWAGEN","Jetta","small","compact","diesel_petrol","0"
"VOLKSWAGEN","Lupo","small","mini","petrol","0"
"VOLKSWAGEN","New Beetle","small","compact","diesel_petrol","0"
"VOLKSWAGEN","Passat","sedan","full_size","diesel_petrol","0"
"VOLKSWAGEN","Phaeton","sedan","mid_size","diesel_petrol","0"
"VOLKSWAGEN","Polo","small","compact","diesel_petrol","0"
"VOLKSWAGEN","Scirocco","small","compact","diesel_petrol","0"
"VOLKSWAGEN","Sharan","transporter","full_size","diesel","0"
"VOLKSWAGEN","T-Cross","suv","compact","diesel_petrol","0"
"VOLKSWAGEN","T-Roc","suv","compact","diesel_petrol","0"
"VOLKSWAGEN","Tiguan","suv","mid_size","diesel_petrol","0"
"VOLKSWAGEN","Touareg","suv","full_size","diesel_petrol","0"
"VOLKSWAGEN","Touran","sedan","mid_size","diesel_petrol","0"
"VOLKSWAGEN","Transporter","transporter","full_size","diesel","0"
"VOLKSWAGEN","up!","small","mini","petrol","0"
"VOLKSWAGEN","Vento","sedan","mid_size","diesel_petrol","0"
"WEY","Coffee 01","suv","mid_size","diesel_petrol","0"
"WEY","Coffee 02","suv","mid_size","diesel_petrol","0"
"XPENG","G9","el","full_size","electric","0"
"XPENG","P7","el","mid_size","electric","0"
"Ford","Transit","transporter","full_size","diesel","0"
"VOLKSWAGEN","Crafter","transporter","full_size","diesel","0"
"IVECO","Daily (VI)","transporter","full_size","diesel","0"
"VOLVO","960","sedan","mid_size","diesel_petrol","0"
"VOLVO","S70","sedan","mid_size","diesel_petrol","0"
"VOLVO","V50","small","compact","diesel_petrol","0"
"VOLVO","C40","el","mid_size","electric","0"
"VOLVO","EC40","el","mid_size","electric","0"
"AUDI","Q6 e-tron","el","mid_size","electric","1"
"BMW","2 Active Tourer","small","compact","diesel_petrol","1"
"BMW","2 Gran Tourer","small","compact","diesel_petrol","1"
"BMW","XM","suv","luxury","diesel_petrol","1"
"BYD","Seal U","el","mid_size","electric","0"
"CITROEN","C3 Picasso","small","compact","diesel_petrol","0"
"CITROEN","C4 Picasso","small","compact","diesel_petrol","0"
"CITROEN","Grand C4 Picasso","small","compact","diesel_petrol","0"
"CITROEN","C5 Aircross","suv","mid_size","diesel_petrol","0"
"CITROEN","Jumpy","transporter","full_size","diesel","0"
"CITROEN","SpaceTourer","transporter","full_size","diesel","0"
"CUPRA","Tavascan","el","mid_size","electric","0"
"FIAT","Doblo","transporter","full_size","diesel","0"
"FORD","Mustang Mach-E","suv","mid_size","diesel_petrol","0"
"FORD","Transit Connect","transporter","full_size","diesel","0"
"FORD","Transit Custom","transporter","full_size","diesel","0"
"FORD","Tourneo Connect","transporter","full_size","diesel","0"
"FORD","Tourneo Custom","transporter","full_size","diesel","0"
"FORD","Explorer","suv","mid_size","diesel_petrol","0"
"HONDA","ZR-V","suv","mid_size","diesel_petrol","0"
"HONDA","e:Ny1","el","mid_size","electric","0"
"HYUNDAI","ix20","small","compact","diesel_petrol","0"
"HYUNDAI","ix35","suv","mid_size","diesel_petrol","0"
"HYUNDAI","Inster","el","compact","electric","0"
"KIA","EV3","el","mid_size","electric","0"
"KIA","Venga","small","compact","diesel_petrol","0"
"LEXUS","LBX","sedan","mid_size","hybrid","1"
"LEXUS","RZ","suv","mid_size","diesel_petrol","1"
"LYNK & CO","02","small","compact","diesel_petrol","0"
"MERCEDES-BENZ","CLC","small","compact","diesel_petrol","1"
"MERCEDES-BENZ","Citan","transporter","full_size","diesel","1"
"MERCEDES-BENZ","T-Class","transporter","full_size","diesel","1"
"MERCEDES-BENZ","V-Class","transporter","full_size","diesel","1"
"MG","Cyberster","premium","luxury","petrol","1"
"MG","ZS EV","el","compact","electric","0"
"MITSUBISHI","Grandis","sedan","mid_size","diesel_petrol","0"
"MITSUBISHI","Space Runner","sedan","mid_size","diesel_petrol","0"
"MITSUBISHI","Space Wagon","sedan","mid_size","diesel_petrol","0"
"NIO","EL6","el","mid_size","electric","0"
"NISSAN","Ariya","el","mid_size","electric","0"
"NISSAN","e-NV200","el","mid_size","electric","0"
"OPEL","Ampera-e","sedan","mid_size","diesel_petrol","0"
"OPEL","Cascada","sedan","mid_size","diesel_petrol","0"
"OPEL","Combo","transporter","full_size","diesel","0"
"OPEL","Zafira Tourer","small","compact","diesel_petrol","0"
"PEUGEOT","408","small","compact","diesel_petrol","0"
"PEUGEOT","ProAce City","transporter","full_size","diesel","0"
"PEUGEOT","Rifter","sedan","mid_size","diesel_petrol","0"
"PEUGEOT","Traveller","transporter","full_size","diesel","0"
"POLESTAR","3","el","mid_size","electric","1"
"POLESTAR","4","el","mid_size","electric","1"
"RENAULT","Kangoo","transporter","compact","diesel","0"
"RENAULT","Megane E-Tech","el","compact","electric","0"
"RENAULT","Scenic E-Tech","el","compact","electric","0"
"SEAT","Mii Electric","small","mini","petrol","0"
"SKODA","Citigo","small","mini","petrol","0"
"SKODA","Scala","small","compact","diesel_petrol","0"
"SUBARU","Solterra","el","mid_size","electric","0"
"SUZUKI","Across","suv","mid_size","hybrid","0"
"SUZUKI","Swace","sedan","mid_size","hybrid","0"
"TOYOTA","Aygo X","small","mini","petrol","0"
"TOYOTA","bZ4X","el","mid_size","electric","0"
"TOYOTA","Corolla Cross","suv","mid_size","hybrid","0"
"TOYOTA","Prius+","sedan","mid_size","hybrid","0"
"TOYOTA","ProAce City","transporter","full_size","diesel","0"
"TOYOTA","ProAce Verso","transporter","full_size","diesel","0"
"TOYOTA","Yaris Cross","suv","compact","hybrid","0"
"VOLKSWAGEN","Amarok","transporter","full_size","diesel","0"
"VOLKSWAGEN","Caravelle","transporter","full_size","diesel","0"
"VOLKSWAGEN","CC","sedan","mid_size","diesel_petrol","0"
"VOLKSWAGEN","Golf Plus","small","compact","diesel_petrol","0"
"VOLKSWAGEN","Golf Sportsvan","small","compact","diesel_petrol","0"
"VOLKSWAGEN","ID.Buzz","el","mid_size","electric","0"
"VOLKSWAGEN","Multivan","transporter","full_size","diesel","0"
"VOLKSWAGEN","Passat CC","sedan","mid_size","diesel_petrol","0"
"VOLKSWAGEN","Taigo","suv","compact","diesel_petrol","0"
